AKGWA_NUMBER,latitude83,longitude83,County,Construction_Date,Primary_Use,Surface_Elevation,Total_Depth
60000466,3848183.62,5758730.65,Johnson,,DOMESTIC - SINGLE HOUSEHOLD,,7
30010192,3960313.4,5779059,Lawrence,,DOMESTIC - SINGLE HOUSEHOLD,,8
60000473,3891597.65,5725740.84,Johnson,,DOMESTIC - SINGLE HOUSEHOLD,,8.5
30000569,3886295.79,5747851.92,Johnson,,DOMESTIC - SINGLE HOUSEHOLD,,12
40004074,3981779.99,5775495.23,Lawrence,,DOMESTIC - SINGLE HOUSEHOLD,720,12
60000300,3861979.25,5813322.06,Lawrence,,DOMESTIC - SINGLE HOUSEHOLD,,12.5
80008085,4048647.73,5758603.76,Greenup,4/12/1989,MONITORING WELL - AMBIENT MONITORING,628.4,13
80057101,4047179.69,5761142.79,Greenup,8/20/2009,MONITORING WELL - AMBIENT MONITORING,670,14
60000470,3890447.07,5724492.57,Johnson,,DOMESTIC - SINGLE HOUSEHOLD,,14.5
54662,3851130.16,5806946.49,Johnson,1/1/1900,DOMESTIC - SINGLE HOUSEHOLD,617,15
80008498,4103456.71,5767718.69,Greenup,5/4/1993,MONITORING WELL - AMBIENT MONITORING,539.9,15
30000124,3819444.78,5810605.99,Johnson,,DOMESTIC - SINGLE HOUSEHOLD,,15
30000138,3823219.45,5780987.51,Johnson,,DOMESTIC - SINGLE HOUSEHOLD,,15
30005445,3898839.88,5768138.19,Lawrence,,DOMESTIC - SINGLE HOUSEHOLD,,15
30005924,3920705.52,5822159.33,Lawrence,,DOMESTIC - SINGLE HOUSEHOLD,,15
30001061,3828092.18,5725303.45,Johnson,,DOMESTIC - SINGLE HOUSEHOLD,,16
30001963,3829026.19,5784822.99,Johnson,,DOMESTIC - SINGLE HOUSEHOLD,,16
60000673,4077931.51,5778872.78,Greenup,,DOMESTIC - SINGLE HOUSEHOLD,,16
60000682,4067491.66,5775227.68,Greenup,,DOMESTIC - SINGLE HOUSEHOLD,,16
30006149,3914908.05,5748412.07,Lawrence,,DOMESTIC - SINGLE HOUSEHOLD,,17
40007538,3819834.34,5758167.36,Johnson,,DOMESTIC - SINGLE HOUSEHOLD,,17
60000292,3889996.83,5762638.59,Lawrence,,DOMESTIC - SINGLE HOUSEHOLD,,17
30009812,3884235.93,5785446.16,Lawrence,,DOMESTIC - SINGLE HOUSEHOLD,,18
60000464,3887537.44,5721936.84,Johnson,,DOMESTIC - SINGLE HOUSEHOLD,,18
80057102,4047186.12,5761150.33,Greenup,8/18/2009,MONITORING WELL - AMBIENT MONITORING,670,19
60000296,3947920.53,5754269.62,Lawrence,,DOMESTIC - SINGLE HOUSEHOLD,,19
60000676,4078691.53,5789826.01,Greenup,,DOMESTIC - SINGLE HOUSEHOLD,,19
30002997,3982229.53,5776259.24,Lawrence,,DOMESTIC - SINGLE HOUSEHOLD,,20
30003225,3860683.03,5812739.3,Johnson,,DOMESTIC - SINGLE HOUSEHOLD,,20
30007069,3963304.24,5763056.23,Lawrence,,DOMESTIC - SINGLE HOUSEHOLD,,20
30009787,3872734.49,5809281.6,Lawrence,,DOMESTIC - SINGLE HOUSEHOLD,,20
60000293,3901189.67,5728416.28,Lawrence,,DOMESTIC - SINGLE HOUSEHOLD,,20
60000462,3892222.76,5722998.62,Johnson,,DOMESTIC - SINGLE HOUSEHOLD,,20
60000703,3834543.82,5743019.9,Johnson,,DOMESTIC - SINGLE HOUSEHOLD,,20
30010182,3931336.32,5765931.91,Lawrence,,DOMESTIC - SINGLE HOUSEHOLD,,21
40001715,3835204.01,5748057.49,Johnson,,DOMESTIC - SINGLE HOUSEHOLD,,22
60000461,3832791.66,5728543.32,Johnson,,DOMESTIC - SINGLE HOUSEHOLD,,22
60000669,4067592.16,5759228.3,Greenup,,DOMESTIC - SINGLE HOUSEHOLD,,22
30006603,3967839.18,5772835.11,Lawrence,,DOMESTIC - SINGLE HOUSEHOLD,,24
30003845,3900213.53,5855748.68,Lawrence,,DOMESTIC - SINGLE HOUSEHOLD,,25
30004417,3810971.23,5797694.12,Johnson,,DOMESTIC - SINGLE HOUSEHOLD,,25
30004453,3824115.77,5746728.2,Johnson,,DOMESTIC - SINGLE HOUSEHOLD,,25
60000459,3885945.02,5719420.77,Johnson,,DOMESTIC - SINGLE HOUSEHOLD,,25
80057103,4047192.92,5761157.85,Greenup,7/19/2009,MONITORING WELL - AMBIENT MONITORING,673.8,26.4
30002025,3833429.59,5806012.17,Johnson,,DOMESTIC - SINGLE HOUSEHOLD,,30
30002396,3896916.83,5846835.84,Lawrence,,DOMESTIC - SINGLE HOUSEHOLD,,30
30002782,3861553.24,5782452.24,Johnson,,DOMESTIC - SINGLE HOUSEHOLD,,30
30003447,3856993.15,5790221.19,Johnson,,DOMESTIC - SINGLE HOUSEHOLD,,30
30005946,3978611.9,5765566.77,Lawrence,,DOMESTIC - SINGLE HOUSEHOLD,,30
30006581,3916155.12,5845799.46,Lawrence,,DOMESTIC - SINGLE HOUSEHOLD,,30
30007038,3902344.69,5750903.66,Lawrence,,DOMESTIC - SINGLE HOUSEHOLD,,30
60000458,3827395.41,5734165.22,Johnson,,DOMESTIC - SINGLE HOUSEHOLD,,30
30006595,3939434.64,5809122.56,Lawrence,,DOMESTIC - SINGLE HOUSEHOLD,,31
40001639,3851762.98,5740249.61,Johnson,,DOMESTIC - SINGLE HOUSEHOLD,,31
30006153,3921547.72,5734439.24,Lawrence,,DOMESTIC - SINGLE HOUSEHOLD,,32
60000683,4069523.43,5775481.86,Greenup,,DOMESTIC - SINGLE HOUSEHOLD,,32
30001019,3814123.01,5745183.02,Johnson,,DOMESTIC - SINGLE HOUSEHOLD,,34
60000468,3819283.58,5810479.15,Johnson,,DOMESTIC - SINGLE HOUSEHOLD,,34
30002965,3906889.71,5742348.36,Lawrence,,DOMESTIC - SINGLE HOUSEHOLD,,35
30002991,3950810.56,5754961.38,Lawrence,,DOMESTIC - SINGLE HOUSEHOLD,,35
30003525,3893127.31,5812298.54,Lawrence,,DOMESTIC - SINGLE HOUSEHOLD,,35
30005703,3953686.06,5792651.39,Lawrence,,DOMESTIC - SINGLE HOUSEHOLD,,35
30005930,3928979.19,5809152.03,Lawrence,,DOMESTIC - SINGLE HOUSEHOLD,,35
30005945,3976828.86,5791840.11,Lawrence,,DOMESTIC - SINGLE HOUSEHOLD,,35
60000288,3894078.19,5819948.15,Lawrence,,DOMESTIC - SINGLE HOUSEHOLD,,35
60000289,3894051.45,5819148.16,Lawrence,,DOMESTIC - SINGLE HOUSEHOLD,,35
30001936,3819826.35,5794399.43,Johnson,,DOMESTIC - SINGLE HOUSEHOLD,,36
30002155,3882826.39,5735669,Johnson,,DOMESTIC - SINGLE HOUSEHOLD,,36
30003294,3892626.35,5779002.7,Lawrence,,DOMESTIC - SINGLE HOUSEHOLD,,36
40003257,3818995.39,5776588.54,Johnson,,DOMESTIC - SINGLE HOUSEHOLD,,36
80002931,4054319.26,5757119.81,Greenup,10/6/1992,MONITORING WELL - AMBIENT MONITORING,680,37.8
80008907,4098088.27,5792739.65,Greenup,10/15/1993,MONITORING WELL - AMBIENT MONITORING,550,38
30006155,3927205.61,5833406.43,Lawrence,,DOMESTIC - SINGLE HOUSEHOLD,,38
40003983,3813864.77,5767913.72,Johnson,,DOMESTIC - SINGLE HOUSEHOLD,,38
30005465,3914259.39,5781108.65,Lawrence,,DOMESTIC - SINGLE HOUSEHOLD,,40
60000471,3890747.51,5724404.29,Johnson,,DOMESTIC - SINGLE HOUSEHOLD,,43
30006133,3901092.91,5833660.02,Lawrence,,DOMESTIC - SINGLE HOUSEHOLD,,44
40003361,3809091.24,5776982.33,Johnson,,DOMESTIC - SINGLE HOUSEHOLD,,44
30002162,3886402.73,5758404.83,Johnson,,DOMESTIC - SINGLE HOUSEHOLD,,45
30002995,3969427.17,5783769.59,Lawrence,,DOMESTIC - SINGLE HOUSEHOLD,,45
30006139,3907498.29,5842004.62,Lawrence,,DOMESTIC - SINGLE HOUSEHOLD,,45
30001000,3810042.97,5810510.02,Johnson,,DOMESTIC - SINGLE HOUSEHOLD,,48
30002984,3931975.69,5735909.46,Lawrence,,DOMESTIC - SINGLE HOUSEHOLD,,48
30005917,3912937.15,5832681.7,Lawrence,,DOMESTIC - SINGLE HOUSEHOLD,,48
40002767,3833772.71,5737584.36,Johnson,,DOMESTIC - SINGLE HOUSEHOLD,,48
7972,4039562.53,5754417.56,Greenup,9/20/1989,DOMESTIC - SINGLE HOUSEHOLD,640,50
30002400,3894361.82,5709628.52,Lawrence,,DOMESTIC - SINGLE HOUSEHOLD,,50
30005942,3962508.34,5786121.1,Lawrence,,DOMESTIC - SINGLE HOUSEHOLD,,50
40004200,3822344.02,5767246.16,Johnson,,DOMESTIC - SINGLE HOUSEHOLD,,50
40006189,3808560.64,5776195.53,Johnson,,DOMESTIC - SINGLE HOUSEHOLD,,50
40003525,3839229.98,5757163.89,Johnson,,DOMESTIC - SINGLE HOUSEHOLD,,51
30002343,3869374.37,5774118.18,Johnson,,DOMESTIC - SINGLE HOUSEHOLD,,52
30002818,3876320.4,5746888.38,Johnson,,DOMESTIC - SINGLE HOUSEHOLD,,52
60000295,3932659.54,5738427.96,Lawrence,,DOMESTIC - SINGLE HOUSEHOLD,,52
40004160,3819527.99,5758097.35,Johnson,,DOMESTIC - SINGLE HOUSEHOLD,,53
30001686,3811825.82,5753409,Johnson,,DOMESTIC - SINGLE HOUSEHOLD,,54
30002038,3838001.18,5796555.5,Johnson,,DOMESTIC - SINGLE HOUSEHOLD,,54
30009804,3881579.09,5825435.59,Lawrence,,DOMESTIC - SINGLE HOUSEHOLD,,54
60000467,3848079.99,5758654.73,Johnson,,DOMESTIC - SINGLE HOUSEHOLD,,54
54938,3884924.37,5859593.27,Lawrence,1/1/1940,DOMESTIC - SINGLE HOUSEHOLD,600,55
30001889,3803213.95,5761140.07,Johnson,,DOMESTIC - SINGLE HOUSEHOLD,,55
40001418,3839667.73,5764694.01,Johnson,,DOMESTIC - SINGLE HOUSEHOLD,,55
60000469,3824391.3,5758266.43,Johnson,,DOMESTIC - SINGLE HOUSEHOLD,,55
60000298,3862492.68,5813545.26,Lawrence,,DOMESTIC - SINGLE HOUSEHOLD,,55.5
40003035,3841236.73,5756621.14,Johnson,,DOMESTIC - SINGLE HOUSEHOLD,,56
42824,4122695.97,5693705.46,Greenup,1/1/1900,DOMESTIC - SINGLE HOUSEHOLD,810,58
80002932,4054309.07,5757120.13,Greenup,10/6/1992,MONITORING WELL - AMBIENT MONITORING,680,58
30001923,3814906.91,5766936.72,Johnson,,DOMESTIC - SINGLE HOUSEHOLD,,58
40002907,3849580.38,5754837.64,Johnson,,DOMESTIC - SINGLE HOUSEHOLD,645,58
46627,3805383.38,5756654.21,Johnson,1/1/1992,DOMESTIC - SINGLE HOUSEHOLD,800,60
47177,4163375.25,5718525.01,Greenup,1/1/1996,DOMESTIC - SINGLE HOUSEHOLD,530,60
80012590,4169271.32,5729446.79,Greenup,12/15/1993,MONITORING WELL - AMBIENT MONITORING,540,60
80012607,4169172.89,5729529.12,Greenup,2/9/1994,MONITORING WELL - AMBIENT MONITORING,550,60
80013316,4169172.89,5729529.12,Greenup,3/8/1994,MONITORING WELL - AMBIENT MONITORING,550,60
80013317,4169172.89,5729529.12,Greenup,3/8/1994,MONITORING WELL - AMBIENT MONITORING,550,60
30000533,3868233.55,5732532.57,Johnson,,DOMESTIC - SINGLE HOUSEHOLD,,60
30002387,3890342.49,5790702.43,Lawrence,,DOMESTIC - SINGLE HOUSEHOLD,,60
30002398,3898150.3,5865512.6,Lawrence,,DOMESTIC - SINGLE HOUSEHOLD,,60
40001869,3837693.02,5775834.35,Johnson,,DOMESTIC - SINGLE HOUSEHOLD,,60
60000668,4071001.67,5774241.11,Greenup,,DOMESTIC - SINGLE HOUSEHOLD,,60
50000793,4103801.7,5768106.87,Greenup,,INDUSTRIAL,536,61
60000675,4078055.76,5792075.54,Greenup,,DOMESTIC - SINGLE HOUSEHOLD,,61
80013319,4169172.89,5729529.12,Greenup,3/9/1994,MONITORING WELL - AMBIENT MONITORING,550,62
40003047,3847961.8,5783695.94,Johnson,,DOMESTIC - SINGLE HOUSEHOLD,,62
80013318,4169172.89,5729529.12,Greenup,3/8/1994,MONITORING WELL - AMBIENT MONITORING,550,62.5
60000290,3893560.36,5840554.55,Lawrence,,DOMESTIC - SINGLE HOUSEHOLD,,63
13186,4089156.25,5766789.04,Greenup,1/1/1900,DOMESTIC - SINGLE HOUSEHOLD,720,65
32516,4131638.77,5723365.83,Greenup,1/1/2000,DOMESTIC - SINGLE HOUSEHOLD,590,65
30002996,3971537.41,5819161.33,Lawrence,,DOMESTIC - SINGLE HOUSEHOLD,,65
30005450,3897818.39,5720599.22,Lawrence,,DOMESTIC - SINGLE HOUSEHOLD,,65
30005464,3914820.4,5803972.36,Lawrence,,DOMESTIC - SINGLE HOUSEHOLD,,65
30005705,3961662.63,5738258.12,Lawrence,,DOMESTIC - SINGLE HOUSEHOLD,,65
40000812,3838331.59,5760802.84,Johnson,,DOMESTIC - SINGLE HOUSEHOLD,,65
40001415,3837219.78,5760837.49,Johnson,,DOMESTIC - SINGLE HOUSEHOLD,,65
30002172,3893846.48,5838029.79,Lawrence,,DOMESTIC - SINGLE HOUSEHOLD,,66
50000792,4103897.84,5767944.45,Greenup,,INDUSTRIAL,537,66
30002738,3842193.91,5721761.86,Johnson,,DOMESTIC - SINGLE HOUSEHOLD,,67
30006165,3948386.65,5743699.18,Lawrence,,DOMESTIC - SINGLE HOUSEHOLD,,67
30002629,3894249.63,5737602.15,Johnson,,DOMESTIC - SINGLE HOUSEHOLD,,68
30005931,3931544.97,5757460.51,Lawrence,,DOMESTIC - SINGLE HOUSEHOLD,,68
30006145,3909569.1,5715175.39,Lawrence,,DOMESTIC - SINGLE HOUSEHOLD,,68
40003291,4103903.74,5764923.17,Greenup,,DOMESTIC - SINGLE HOUSEHOLD,540,68
30000570,3889687.85,5849565.05,Lawrence,,DOMESTIC - SINGLE HOUSEHOLD,,69
40002074,3854535.95,5751474.19,Johnson,,DOMESTIC - SINGLE HOUSEHOLD,,69
40005687,3824570.64,5776892.45,Johnson,,DOMESTIC - SINGLE HOUSEHOLD,,69
30001131,3836497.04,5729818.72,Johnson,,DOMESTIC - SINGLE HOUSEHOLD,,70
30004470,3830276.47,5752839.63,Johnson,,DOMESTIC - SINGLE HOUSEHOLD,,70
40001643,3852797.31,5750886.39,Johnson,,DOMESTIC - SINGLE HOUSEHOLD,,70
40003452,3822646.46,5780006.52,Johnson,,DOMESTIC - SINGLE HOUSEHOLD,,70
60000460,3851294.9,5811510.1,Johnson,,DOMESTIC - SINGLE HOUSEHOLD,,70
40004181,4087055.28,5801085.25,Greenup,,DOMESTIC - SINGLE HOUSEHOLD,540,71
40007364,4086966.83,5801485.86,Greenup,,DOMESTIC - SINGLE HOUSEHOLD,540,71
30002077,3848804.51,5735718.61,Johnson,,DOMESTIC - SINGLE HOUSEHOLD,,72
30002998,3988041.45,5811537.42,Lawrence,,DOMESTIC - SINGLE HOUSEHOLD,,72
30007050,3916187.35,5760302.2,Lawrence,,DOMESTIC - SINGLE HOUSEHOLD,,72
60000678,4077970.09,5792554.63,Greenup,,DOMESTIC - SINGLE HOUSEHOLD,,73
12311,3815231.87,5805275.24,Johnson,8/23/1988,DOMESTIC - SINGLE HOUSEHOLD,680,75
29505,4101866.72,5778149.83,Greenup,1/1/1970,PUBLIC - COMMUNITY,546.5,75
29508,4101861.61,5777990.89,Greenup,1/1/1970,PUBLIC - COMMUNITY,547.5,75
29511,4101876.93,5778467.41,Greenup,1/1/1972,PUBLIC - COMMUNITY,548.4,75
30000559,3881547.69,5767384.2,Johnson,,DOMESTIC - SINGLE HOUSEHOLD,,75
30001885,3801354.35,5750491.48,Johnson,,DOMESTIC - SINGLE HOUSEHOLD,,75
30006144,3911233.57,5796799.08,Lawrence,,DOMESTIC - SINGLE HOUSEHOLD,,75
40000813,3838702.4,5766170.45,Johnson,,DOMESTIC - SINGLE HOUSEHOLD,,75
40002772,3836473.65,5782053.05,Johnson,,DOMESTIC - SINGLE HOUSEHOLD,,75
40002777,3839776.97,5755220.28,Johnson,,DOMESTIC - SINGLE HOUSEHOLD,,75
40003513,3834819.37,5758504.69,Johnson,,DOMESTIC - SINGLE HOUSEHOLD,,75
40005492,3892248.49,5849494.21,Lawrence,,DOMESTIC - SINGLE HOUSEHOLD,,75
40005685,3823141.34,5760394.12,Johnson,,DOMESTIC - SINGLE HOUSEHOLD,,75
60000294,3927247.83,5740192.24,Lawrence,,DOMESTIC - SINGLE HOUSEHOLD,,75
60000671,4064384.17,5753756.49,Greenup,,DOMESTIC - SINGLE HOUSEHOLD,,75
30007039,3908031.42,5822267.82,Lawrence,,DOMESTIC - SINGLE HOUSEHOLD,,76
30001799,3833257.75,5739568.9,Johnson,,DOMESTIC - SINGLE HOUSEHOLD,,78
40000575,3853922.85,5780292.38,Johnson,,DOMESTIC - SINGLE HOUSEHOLD,,78
40005269,3830819.87,5782476.21,Johnson,,DOMESTIC - SINGLE HOUSEHOLD,619,79
30000545,3874951.91,5798038.74,Lawrence,,DOMESTIC - SINGLE HOUSEHOLD,,80
30001130,3836887.59,5763905.75,Johnson,,DOMESTIC - SINGLE HOUSEHOLD,,80
30002090,3855200.53,5779736.13,Johnson,,DOMESTIC - SINGLE HOUSEHOLD,,80
30002306,3853757.87,5804939.1,Johnson,,DOMESTIC - SINGLE HOUSEHOLD,,80
30002348,3873352.12,5821266.54,Lawrence,,DOMESTIC - SINGLE HOUSEHOLD,,80
30002980,3927805.96,5842431.37,Lawrence,,DOMESTIC - SINGLE HOUSEHOLD,,80
30005219,3908871.69,5727215.78,Lawrence,,DOMESTIC - SINGLE HOUSEHOLD,,80
30005702,3952889.01,5768908.64,Lawrence,,DOMESTIC - SINGLE HOUSEHOLD,,80
30009766,3862455.07,5804653.63,Johnson,,DOMESTIC - SINGLE HOUSEHOLD,,80
40003510,3834215.39,5777871.8,Johnson,,DOMESTIC - SINGLE HOUSEHOLD,,80
60000667,4071580.41,5779634.03,Greenup,,DOMESTIC - SINGLE HOUSEHOLD,,80
40004545,3847657.56,5783705.68,Johnson,,DOMESTIC - SINGLE HOUSEHOLD,,82
40005364,4139621.66,5741965.82,Greenup,,DOMESTIC - SINGLE HOUSEHOLD,540,82
40006030,4156059.39,5740030.12,Greenup,,DOMESTIC - SINGLE HOUSEHOLD,535,82
30006168,3959841.35,5756003.83,Lawrence,,DOMESTIC - SINGLE HOUSEHOLD,,83
54915,3889692.58,5861077.53,Lawrence,1/1/1900,DOMESTIC - SINGLE HOUSEHOLD,640,84
40001084,3848923.95,5769459.6,Johnson,,DOMESTIC - SINGLE HOUSEHOLD,,84
40004542,3845795.57,5779269.02,Johnson,,DOMESTIC - SINGLE HOUSEHOLD,,84
30000548,3876448.66,5774325.36,Johnson,,DOMESTIC - SINGLE HOUSEHOLD,,85
30002990,3942357.73,5782569.96,Lawrence,,DOMESTIC - SINGLE HOUSEHOLD,,85
30003429,3849404.46,5788674.37,Johnson,,DOMESTIC - SINGLE HOUSEHOLD,,85
30005491,3993563.98,5796668.81,Lawrence,,DOMESTIC - SINGLE HOUSEHOLD,,85
30009820,3889044.14,5800059.71,Lawrence,,DOMESTIC - SINGLE HOUSEHOLD,,85
40006611,3828877.56,5729624.23,Johnson,,DOMESTIC - SINGLE HOUSEHOLD,,85
40007005,3835557.47,5762655.58,Johnson,,DOMESTIC - SINGLE HOUSEHOLD,,85
60000672,4062102.74,5758445.19,Greenup,,DOMESTIC - SINGLE HOUSEHOLD,,85
30002978,3924137.64,5769845.99,Lawrence,,DOMESTIC - SINGLE HOUSEHOLD,,86
52906,3884898.82,5859153.29,Lawrence,11/18/1999,DOMESTIC - SINGLE HOUSEHOLD,620,87
30005699,3940735.19,5764744.58,Lawrence,,DOMESTIC - SINGLE HOUSEHOLD,,87
47176,4163476.09,5718521.99,Greenup,1/1/1900,DOMESTIC - SINGLE HOUSEHOLD,530,88
50409,3885917.1,5863381.52,Lawrence,10/27/1997,DOMESTIC - SINGLE HOUSEHOLD,600,90
30002843,3889857.49,5762854.07,Lawrence,,DOMESTIC - SINGLE HOUSEHOLD,,90
30004427,3814969.08,5733502.99,Johnson,,DOMESTIC - SINGLE HOUSEHOLD,,90
30004462,3828153.33,5757154.93,Johnson,,DOMESTIC - SINGLE HOUSEHOLD,,90
30009784,3870965.09,5789653.29,Johnson,,DOMESTIC - SINGLE HOUSEHOLD,,90
40001088,3851138.45,5781829.14,Johnson,,DOMESTIC - SINGLE HOUSEHOLD,,90
40002773,3837323.97,5764125.88,Johnson,,DOMESTIC - SINGLE HOUSEHOLD,,90
40003261,3819720.7,5757769.25,Johnson,,DOMESTIC - SINGLE HOUSEHOLD,,90
40004012,3901910.13,5847959.64,Lawrence,,DOMESTIC - SINGLE HOUSEHOLD,,90
48652,4163266.93,5718290.48,Greenup,1/1/1992,DOMESTIC - SINGLE HOUSEHOLD,535,92
47179,4163372.87,5718445.73,Greenup,1/1/1900,DOMESTIC - SINGLE HOUSEHOLD,530,93
60000301,3927351.86,5740270.57,Lawrence,,DOMESTIC - SINGLE HOUSEHOLD,,95
52626,3938151.69,5831476.44,Lawrence,1/1/1980,DOMESTIC - SINGLE HOUSEHOLD,620,96
30002298,3850950.49,5811472.96,Johnson,,DOMESTIC - SINGLE HOUSEHOLD,,96
30002363,3880394.1,5807324.95,Lawrence,,DOMESTIC - SINGLE HOUSEHOLD,,96
40001714,3835929.09,5777656.34,Johnson,,DOMESTIC - SINGLE HOUSEHOLD,,96
47180,4163380,5718683.58,Greenup,1/1/1982,DOMESTIC - SINGLE HOUSEHOLD,530,98
40003289,4103022.81,5765904.98,Greenup,,DOMESTIC - SINGLE HOUSEHOLD,540,98
60000475,3806583.38,5808968.55,Johnson,,DOMESTIC - SINGLE HOUSEHOLD,,99.5
32501,4053654.11,5754616.7,Greenup,1/1/1967,DOMESTIC - SINGLE HOUSEHOLD,580,100
44068,3892252.55,5814766.94,Lawrence,4/3/1996,DOMESTIC - SINGLE HOUSEHOLD,600,100
30000520,3862400.74,5749106.04,Johnson,,DOMESTIC - SINGLE HOUSEHOLD,,100
30005485,3959990.44,5814829.24,Lawrence,,DOMESTIC - SINGLE HOUSEHOLD,,100
30006606,3998255.82,5807517.88,Lawrence,,DOMESTIC - SINGLE HOUSEHOLD,,100
30009718,3844267.02,5807677.59,Johnson,,DOMESTIC - SINGLE HOUSEHOLD,,100
30009750,3855486.96,5769272.8,Johnson,,DOMESTIC - SINGLE HOUSEHOLD,,100
40007134,3844418.47,5764545.26,Johnson,,DOMESTIC - SINGLE HOUSEHOLD,,100
60000287,3926663.76,5730931.2,Lawrence,,DOMESTIC - SINGLE HOUSEHOLD,,100
60000465,3887733.92,5721770.35,Johnson,,DOMESTIC - SINGLE HOUSEHOLD,,100
30010193,3967389.33,5795080.3,Lawrence,,DOMESTIC - SINGLE HOUSEHOLD,,101
32515,3819599.24,5764728.12,Johnson,1/1/1984,DOMESTIC - SINGLE HOUSEHOLD,620,103
46810,3911087.49,5765067.5,Lawrence,12/9/1996,DOMESTIC - SINGLE HOUSEHOLD,700,105
40001710,3835040.04,5778326.19,Johnson,,DOMESTIC - SINGLE HOUSEHOLD,,106
30002152,3884508.41,5816075.05,Lawrence,,DOMESTIC - SINGLE HOUSEHOLD,,110
40001033,3852812.63,5777199.09,Johnson,,DOMESTIC - SINGLE HOUSEHOLD,,112
60000297,3904992.86,5740391.91,Lawrence,,DOMESTIC - SINGLE HOUSEHOLD,,112
5743,3828258.94,5747033.16,Johnson,6/18/1992,DOMESTIC - SINGLE HOUSEHOLD,800,115
30001263,3821884.19,5767556.09,Johnson,,DOMESTIC - SINGLE HOUSEHOLD,,120
30002505,3840232.59,5752012.04,Johnson,,DOMESTIC - SINGLE HOUSEHOLD,,120
30005911,3905689.58,5808827.36,Lawrence,,DOMESTIC - SINGLE HOUSEHOLD,,120
32518,3858520.42,5763543.86,Johnson,1/1/1900,DOMESTIC - SINGLE HOUSEHOLD,710,122.5
60000472,3891994.46,5725489.05,Johnson,,DOMESTIC - SINGLE HOUSEHOLD,,130
30003203,3849983.09,5755148.95,Johnson,,DOMESTIC - SINGLE HOUSEHOLD,,132
19669,3913541.61,5759420.72,Lawrence,5/15/1992,DOMESTIC - SINGLE HOUSEHOLD,680,135
30002384,3886470.04,5716265.24,Lawrence,,DOMESTIC - SINGLE HOUSEHOLD,,135
40006610,3830346.76,5780323.7,Johnson,,DOMESTIC - SINGLE HOUSEHOLD,,135
37407,4166938.66,5732609.58,Greenup,1/1/1900,DOMESTIC - SINGLE HOUSEHOLD,610,140
30007052,3922385.41,5792459.5,Lawrence,,DOMESTIC - SINGLE HOUSEHOLD,,140
36344,3915797.18,5750593.41,Lawrence,8/24/1994,DOMESTIC - SINGLE HOUSEHOLD,700,150
30002104,3860299.91,5760113.89,Johnson,,DOMESTIC - SINGLE HOUSEHOLD,,150
30005698,3941789.29,5818574.72,Lawrence,,DOMESTIC - SINGLE HOUSEHOLD,,150
30005940,3952383.81,5779369.99,Lawrence,,DOMESTIC - SINGLE HOUSEHOLD,,150
30002121,3868042.13,5741833.15,Johnson,,DOMESTIC - SINGLE HOUSEHOLD,,152
30002958,3900588.95,5796569.74,Lawrence,,DOMESTIC - SINGLE HOUSEHOLD,,154
32517,3867703.74,5743098.71,Johnson,1/1/1967,DOMESTIC - SINGLE HOUSEHOLD,760,170
30002527,3848505.41,5742658.21,Johnson,,DOMESTIC - SINGLE HOUSEHOLD,,175
30006167,3954677.26,5800706.2,Lawrence,,DOMESTIC - SINGLE HOUSEHOLD,,176
10545,3928452.2,5807757.58,Lawrence,8/2/1989,DOMESTIC - SINGLE HOUSEHOLD,720,180
30002324,3858671.89,5737960.08,Johnson,,DOMESTIC - SINGLE HOUSEHOLD,,180
13185,4089472.04,5767176.38,Greenup,1/1/1900,DOMESTIC - SINGLE HOUSEHOLD,720,185
30002971,3912590.69,5767559.58,Lawrence,,DOMESTIC - SINGLE HOUSEHOLD,,200
30002985,3935301.7,5832555.66,Lawrence,,DOMESTIC - SINGLE HOUSEHOLD,,201
40000435,3829417.14,5760438.95,Johnson,,DOMESTIC - SINGLE HOUSEHOLD,,220
30005912,3907420.16,5850307.58,Lawrence,,DOMESTIC - SINGLE HOUSEHOLD,,225
40007002,3833971.56,5737498.87,Johnson,,DOMESTIC - SINGLE HOUSEHOLD,,225
60000674,4076305.95,5791177.67,Greenup,,DOMESTIC - SINGLE HOUSEHOLD,,230
60000291,3899748.65,5714045.07,Lawrence,,DOMESTIC - SINGLE HOUSEHOLD,,264
30002309,3853979.45,5745351.01,Johnson,,DOMESTIC - SINGLE HOUSEHOLD,,278
38804,3901609.93,5743344.28,Lawrence,6/16/1995,DOMESTIC - SINGLE HOUSEHOLD,720,285
30002292,3847535.82,5765479.18,Johnson,,DOMESTIC - SINGLE HOUSEHOLD,,300
30005212,3903555.37,5775570.39,Lawrence,,DOMESTIC - SINGLE HOUSEHOLD,,300
60000474,3806204.13,5806652.19,Johnson,,DOMESTIC - SINGLE HOUSEHOLD,,300
60000680,4078071.85,5789448.35,Greenup,,DOMESTIC - SINGLE HOUSEHOLD,,310
40005777,3877055.39,5746693.86,Johnson,,DOMESTIC - SINGLE HOUSEHOLD,820,330
40007461,3876713.26,5745421.24,Johnson,,DOMESTIC - SINGLE HOUSEHOLD,835,330
60135,3909006.08,5726947.78,Lawrence,7/8/2003,DOMESTIC - SINGLE HOUSEHOLD,725,335
40003053,3850320.06,5742699.61,Johnson,,DOMESTIC - SINGLE HOUSEHOLD,,385
30005937,3945253.67,5771712.72,Lawrence,,DOMESTIC - SINGLE HOUSEHOLD,,400
32524,3903987.67,5744985.99,Lawrence,6/10/2001,DOMESTIC - SINGLE HOUSEHOLD,720,420
44068,3892252.55,5814766.94,Lawrence,11/10/1999,DOMESTIC - SINGLE HOUSEHOLD,600,430
38804,3901609.93,5743344.28,Lawrence,10/21/2000,DOMESTIC - SINGLE HOUSEHOLD,720,435
57418,3891965.84,5796830.97,Lawrence,4/23/2002,DOMESTIC - SINGLE HOUSEHOLD,600,450
42492,3868759.56,5805123.88,Lawrence,9/1/1995,DOMESTIC - SINGLE HOUSEHOLD,600,470
54950,3892030.22,5809895.22,Lawrence,1/1/1990,DOMESTIC - MULTIPLE DOMESTIC HOUSEHOLDS,600,480
40007129,3841765.72,5770247.31,Johnson,,DOMESTIC - SINGLE HOUSEHOLD,680,505
40000582,3857263.87,5757888.67,Johnson,,DOMESTIC - SINGLE HOUSEHOLD,,690
40007726,3919143.44,5788216.85,Lawrence,,DOMESTIC - SINGLE HOUSEHOLD,,999
40003811,3949760.06,5811531.9,Lawrence,,DOMESTIC - SINGLE HOUSEHOLD,,1922
40000121,3855200,5775920.11,Johnson,,DOMESTIC - SINGLE HOUSEHOLD,,2006
40003516,3836171.14,5778931.77,Johnson,,DOMESTIC - SINGLE HOUSEHOLD,,2640
40006906,3919797.75,5789716.9,Lawrence,,DOMESTIC - SINGLE HOUSEHOLD,,2688
