AKGWA_NUMBER,lat83,lon83,County,Construction_Date,Primary_Use,Surface_Elevation,Total_Depth
40006906,38.049619,-82.733371,Lawrence,,DOMESTIC - SINGLE HOUSEHOLD,,2688
40003516,37.821021,-82.780049,Johnson,,DOMESTIC - SINGLE HOUSEHOLD,,2640
40000121,37.873518,-82.78838,Johnson,,DOMESTIC - SINGLE HOUSEHOLD,,2006
40003811,38.129897,-82.6542,Lawrence,,DOMESTIC - SINGLE HOUSEHOLD,,1922
40007726,38.047956,-82.738651,Lawrence,,DOMESTIC - SINGLE HOUSEHOLD,,999
40000582,37.880738,-82.850601,Johnson,,DOMESTIC - SINGLE HOUSEHOLD,,690
40007129,37.837134,-82.809491,Johnson,,DOMESTIC - SINGLE HOUSEHOLD,680,505
54950,37.971591,-82.666518,Lawrence,1/1/1990,DOMESTIC - MULTIPLE DOMESTIC HOUSEHOLDS,600,480
42492,37.908149,-82.685712,Lawrence,9/1/1995,DOMESTIC - SINGLE HOUSEHOLD,600,470
57418,37.972591,-82.711824,Lawrence,4/23/2002,DOMESTIC - SINGLE HOUSEHOLD,600,450
38804,38.0037,-82.896275,Lawrence,10/21/2000,DOMESTIC - SINGLE HOUSEHOLD,720,435
44068,37.971759,-82.6496,Lawrence,11/10/1999,DOMESTIC - SINGLE HOUSEHOLD,600,430
32524,38.010089,-82.890327,Lawrence,6/10/2001,DOMESTIC - SINGLE HOUSEHOLD,720,420
30005937,38.121074,-82.793066,Lawrence,,DOMESTIC - SINGLE HOUSEHOLD,,400
40003053,37.862961,-82.903939,Johnson,,DOMESTIC - SINGLE HOUSEHOLD,,385
60135,38.025366,-82.952388,Lawrence,7/8/2003,DOMESTIC - SINGLE HOUSEHOLD,725,335
40005777,37.936015,-82.887269,Johnson,,DOMESTIC - SINGLE HOUSEHOLD,820,330
40007461,37.935183,-82.891716,Johnson,,DOMESTIC - SINGLE HOUSEHOLD,835,330
60000680,38.484052,-82.716439,Greenup,,DOMESTIC - SINGLE HOUSEHOLD,,310
30002292,37.853384,-82.825369,Johnson,,DOMESTIC - SINGLE HOUSEHOLD,,300
30005212,38.006281,-82.784268,Lawrence,,DOMESTIC - SINGLE HOUSEHOLD,,300
60000474,37.736303,-82.687532,Johnson,,DOMESTIC - SINGLE HOUSEHOLD,,300
38804,38.0037,-82.896275,Lawrence,6/16/1995,DOMESTIC - SINGLE HOUSEHOLD,720,285
30002309,37.872784,-82.894371,Johnson,,DOMESTIC - SINGLE HOUSEHOLD,,278
60000291,38.001007,-82.998111,Lawrence,,DOMESTIC - SINGLE HOUSEHOLD,,264
60000674,38.479051,-82.710601,Greenup,,DOMESTIC - SINGLE HOUSEHOLD,,230
30005912,38.010082,-82.524556,Lawrence,,DOMESTIC - SINGLE HOUSEHOLD,,225
40007002,37.818517,-82.923662,Johnson,,DOMESTIC - SINGLE HOUSEHOLD,,225
40000435,37.80408,-82.844772,Johnson,,DOMESTIC - SINGLE HOUSEHOLD,,220
30002985,38.088277,-82.582855,Lawrence,,DOMESTIC - SINGLE HOUSEHOLD,,201
30002971,38.031778,-82.811071,Lawrence,,DOMESTIC - SINGLE HOUSEHOLD,,200
13185,38.517302,-82.792944,Greenup,1/1/1900,DOMESTIC - SINGLE HOUSEHOLD,720,185
68511,37.998089,-82.872515,Lawrence,12/1/2002,DOMESTIC - SINGLE HOUSEHOLD,800,185
10545,38.071756,-82.66976,Lawrence,8/2/1989,DOMESTIC - SINGLE HOUSEHOLD,720,180
30002324,37.886283,-82.919473,Johnson,,DOMESTIC - SINGLE HOUSEHOLD,,180
30006167,38.144374,-82.691257,Lawrence,,DOMESTIC - SINGLE HOUSEHOLD,,176
30002527,37.857983,-82.904274,Johnson,,DOMESTIC - SINGLE HOUSEHOLD,,175
32517,37.910647,-82.900719,Johnson,1/1/1967,DOMESTIC - SINGLE HOUSEHOLD,760,170
30002958,37.996284,-82.711756,Lawrence,,DOMESTIC - SINGLE HOUSEHOLD,,154
30002121,37.911682,-82.905068,Johnson,,DOMESTIC - SINGLE HOUSEHOLD,,152
36344,38.042032,-82.869607,Lawrence,8/24/1994,DOMESTIC - SINGLE HOUSEHOLD,700,150
30002104,37.888882,-82.842566,Johnson,,DOMESTIC - SINGLE HOUSEHOLD,,150
30005698,38.107376,-82.630654,Lawrence,,DOMESTIC - SINGLE HOUSEHOLD,,150
30005940,38.139975,-82.765668,Lawrence,,DOMESTIC - SINGLE HOUSEHOLD,,150
37407,38.732855,-82.90545,Greenup,1/1/1900,DOMESTIC - SINGLE HOUSEHOLD,610,140
30007052,38.056478,-82.72356,Lawrence,,DOMESTIC - SINGLE HOUSEHOLD,,140
19669,38.035089,-82.839213,Lawrence,5/15/1992,DOMESTIC - SINGLE HOUSEHOLD,680,135
30002384,37.964376,-82.991771,Lawrence,,DOMESTIC - SINGLE HOUSEHOLD,,135
40006610,37.804912,-82.775875,Johnson,,DOMESTIC - SINGLE HOUSEHOLD,,135
30003203,37.860985,-82.86087,Johnson,,DOMESTIC - SINGLE HOUSEHOLD,,132
60000472,37.978788,-82.959216,Johnson,,DOMESTIC - SINGLE HOUSEHOLD,,130
32518,37.883703,-82.830879,Johnson,1/1/1900,DOMESTIC - SINGLE HOUSEHOLD,710,122.5
54668,37.767483,-82.859163,Johnson,1/1/1980,,640,120
30001263,37.782791,-82.820967,Johnson,,DOMESTIC - SINGLE HOUSEHOLD,,120
30002505,37.834486,-82.872772,Johnson,,DOMESTIC - SINGLE HOUSEHOLD,,120
30005911,38.009181,-82.668656,Lawrence,,DOMESTIC - SINGLE HOUSEHOLD,,120
5743,37.802037,-82.891275,Johnson,6/18/1992,DOMESTIC - SINGLE HOUSEHOLD,800,115
40001033,37.866853,-82.784214,Johnson,,DOMESTIC - SINGLE HOUSEHOLD,,112
60000297,38.013234,-82.906159,Lawrence,,DOMESTIC - SINGLE HOUSEHOLD,,112
30002152,37.950383,-82.645958,Lawrence,,DOMESTIC - SINGLE HOUSEHOLD,,110
40001710,37.817969,-82.782269,Johnson,,DOMESTIC - SINGLE HOUSEHOLD,,106
46810,38.027867,-82.819884,Lawrence,12/9/1996,DOMESTIC - SINGLE HOUSEHOLD,700,105
32515,37.776762,-82.830995,Johnson,1/1/1984,DOMESTIC - SINGLE HOUSEHOLD,620,103
30010193,38.179769,-82.70937,Lawrence,,DOMESTIC - SINGLE HOUSEHOLD,,101
32501,38.420081,-82.840722,Greenup,1/1/1967,DOMESTIC - SINGLE HOUSEHOLD,580,100
44068,37.971759,-82.6496,Lawrence,4/3/1996,DOMESTIC - SINGLE HOUSEHOLD,600,100
30000520,37.895584,-82.880471,Johnson,,DOMESTIC - SINGLE HOUSEHOLD,,100
30005485,38.157675,-82.641558,Lawrence,,DOMESTIC - SINGLE HOUSEHOLD,,100
30006606,38.263366,-82.662571,Lawrence,,DOMESTIC - SINGLE HOUSEHOLD,,100
30009718,37.840689,-82.679658,Johnson,,DOMESTIC - SINGLE HOUSEHOLD,,100
30009750,37.874883,-82.811368,Johnson,,DOMESTIC - SINGLE HOUSEHOLD,,100
40007134,37.844907,-82.82894,Johnson,,DOMESTIC - SINGLE HOUSEHOLD,,100
60000287,38.073508,-82.936717,Lawrence,,DOMESTIC - SINGLE HOUSEHOLD,,100
60000465,37.967397,-82.972553,Johnson,,DOMESTIC - SINGLE HOUSEHOLD,,100
60000475,37.737135,-82.679483,Johnson,,DOMESTIC - SINGLE HOUSEHOLD,,99.5
47180,38.724244,-82.954617,Greenup,1/1/1982,DOMESTIC - SINGLE HOUSEHOLD,530,98
40003289,38.554603,-82.795887,Greenup,,DOMESTIC - SINGLE HOUSEHOLD,540,98
52626,38.096199,-82.586267,Lawrence,1/1/1980,DOMESTIC - SINGLE HOUSEHOLD,620,96
30002298,37.858691,-82.665756,Johnson,,DOMESTIC - SINGLE HOUSEHOLD,,96
30002363,37.939885,-82.676759,Lawrence,,DOMESTIC - SINGLE HOUSEHOLD,,96
40001714,37.820468,-82.784489,Johnson,,DOMESTIC - SINGLE HOUSEHOLD,,96
60000301,38.074619,-82.904214,Lawrence,,DOMESTIC - SINGLE HOUSEHOLD,,95
47179,38.724244,-82.955451,Greenup,1/1/1900,DOMESTIC - SINGLE HOUSEHOLD,530,93
48652,38.723966,-82.956006,Greenup,1/1/1992,DOMESTIC - SINGLE HOUSEHOLD,535,92
50409,37.949815,-82.481817,Lawrence,10/27/1997,DOMESTIC - SINGLE HOUSEHOLD,600,90
30002843,37.969782,-82.829871,Lawrence,,DOMESTIC - SINGLE HOUSEHOLD,,90
30004427,37.766683,-82.939471,Johnson,,DOMESTIC - SINGLE HOUSEHOLD,,90
30004462,37.800891,-82.856269,Johnson,,DOMESTIC - SINGLE HOUSEHOLD,,90
30009784,37.915586,-82.739063,Johnson,,DOMESTIC - SINGLE HOUSEHOLD,,90
40001088,37.861852,-82.768368,Johnson,,DOMESTIC - SINGLE HOUSEHOLD,,90
40002773,37.825468,-82.83116,Johnson,,DOMESTIC - SINGLE HOUSEHOLD,,90
40003261,37.77769,-82.855049,Johnson,,DOMESTIC - SINGLE HOUSEHOLD,,90
40004012,37.995181,-82.53336,Lawrence,,DOMESTIC - SINGLE HOUSEHOLD,,90
47176,38.724521,-82.955173,Greenup,1/1/1900,DOMESTIC - SINGLE HOUSEHOLD,530,88
52906,37.947426,-82.496596,Lawrence,11/18/1999,DOMESTIC - SINGLE HOUSEHOLD,620,87
30005699,38.109275,-82.817771,Lawrence,,DOMESTIC - SINGLE HOUSEHOLD,,87
30002978,38.063275,-82.80187,Lawrence,,DOMESTIC - SINGLE HOUSEHOLD,,86
30000548,37.931984,-82.791569,Johnson,,DOMESTIC - SINGLE HOUSEHOLD,,85
30002990,38.112174,-82.755666,Lawrence,,DOMESTIC - SINGLE HOUSEHOLD,,85
30003429,37.85649,-82.744861,Johnson,,DOMESTIC - SINGLE HOUSEHOLD,,85
30005491,38.251468,-82.700872,Lawrence,,DOMESTIC - SINGLE HOUSEHOLD,,85
30009820,37.964283,-82.70096,Lawrence,,DOMESTIC - SINGLE HOUSEHOLD,,85
40006611,37.805184,-82.951441,Johnson,,DOMESTIC - SINGLE HOUSEHOLD,,85
40007005,37.820746,-82.836439,Johnson,,DOMESTIC - SINGLE HOUSEHOLD,,85
60000672,38.442941,-82.826442,Greenup,,DOMESTIC - SINGLE HOUSEHOLD,,85
54915,37.960398,-82.489346,Lawrence,1/1/1900,DOMESTIC - SINGLE HOUSEHOLD,640,84
40001084,37.856851,-82.811437,Johnson,,DOMESTIC - SINGLE HOUSEHOLD,,84
40004542,37.847411,-82.777821,Johnson,,DOMESTIC - SINGLE HOUSEHOLD,,84
30006168,38.162469,-82.84607,Lawrence,,DOMESTIC - SINGLE HOUSEHOLD,,83
40004545,37.852133,-82.762257,Johnson,,DOMESTIC - SINGLE HOUSEHOLD,,82
40005364,38.657099,-82.875617,Greenup,,DOMESTIC - SINGLE HOUSEHOLD,540,82
40006030,38.702374,-82.880623,Greenup,,DOMESTIC - SINGLE HOUSEHOLD,535,82
30000545,37.925782,-82.709559,Lawrence,,DOMESTIC - SINGLE HOUSEHOLD,,80
30001130,37.82429,-82.831969,Johnson,,DOMESTIC - SINGLE HOUSEHOLD,,80
30002090,37.873186,-82.775166,Johnson,,DOMESTIC - SINGLE HOUSEHOLD,,80
30002306,37.866988,-82.688058,Johnson,,DOMESTIC - SINGLE HOUSEHOLD,,80
30002348,37.919286,-82.629257,Lawrence,,DOMESTIC - SINGLE HOUSEHOLD,,80
30002980,38.066778,-82.549453,Lawrence,,DOMESTIC - SINGLE HOUSEHOLD,,80
30005219,38.024975,-82.951472,Lawrence,,DOMESTIC - SINGLE HOUSEHOLD,,80
30005702,38.142275,-82.80197,Lawrence,,DOMESTIC - SINGLE HOUSEHOLD,,80
30009766,37.890886,-82.688058,Johnson,,DOMESTIC - SINGLE HOUSEHOLD,,80
40003510,37.815745,-82.783932,Johnson,,DOMESTIC - SINGLE HOUSEHOLD,,80
60000667,38.467107,-82.751435,Greenup,,DOMESTIC - SINGLE HOUSEHOLD,,80
40005269,37.806022,-82.768376,Johnson,,DOMESTIC - SINGLE HOUSEHOLD,619,79
30001799,37.816385,-82.916574,Johnson,,DOMESTIC - SINGLE HOUSEHOLD,,78
40000575,37.86963,-82.773381,Johnson,,DOMESTIC - SINGLE HOUSEHOLD,,78
30007039,38.014381,-82.621758,Lawrence,,DOMESTIC - SINGLE HOUSEHOLD,,76
12311,37.761207,-82.691268,Johnson,8/23/1988,DOMESTIC - SINGLE HOUSEHOLD,680,75
29505,38.550358,-82.75322,Greenup,1/1/1970,PUBLIC - COMMUNITY,546.5,75
29508,38.550358,-82.753776,Greenup,1/1/1970,PUBLIC - COMMUNITY,547.5,75
29511,38.550358,-82.752109,Greenup,1/1/1972,PUBLIC - COMMUNITY,548.4,75
30000559,37.946582,-82.815069,Johnson,,DOMESTIC - SINGLE HOUSEHOLD,,75
30001885,37.72789,-82.882172,Johnson,,DOMESTIC - SINGLE HOUSEHOLD,,75
30006144,38.025481,-82.709757,Lawrence,,DOMESTIC - SINGLE HOUSEHOLD,,75
40000813,37.829076,-82.823935,Johnson,,DOMESTIC - SINGLE HOUSEHOLD,,75
40002772,37.821578,-82.769215,Johnson,,DOMESTIC - SINGLE HOUSEHOLD,,75
40002777,37.832963,-82.861717,Johnson,,DOMESTIC - SINGLE HOUSEHOLD,,75
40003513,37.819074,-82.850883,Johnson,,DOMESTIC - SINGLE HOUSEHOLD,,75
40005492,37.968518,-82.529195,Lawrence,,DOMESTIC - SINGLE HOUSEHOLD,,75
40005685,37.786856,-82.845603,Johnson,,DOMESTIC - SINGLE HOUSEHOLD,,75
60000294,38.07434,-82.904497,Lawrence,,DOMESTIC - SINGLE HOUSEHOLD,,75
60000671,38.449605,-82.842556,Greenup,,DOMESTIC - SINGLE HOUSEHOLD,,75
60000678,38.483495,-82.705604,Greenup,,DOMESTIC - SINGLE HOUSEHOLD,,73
30002077,37.859383,-82.92827,Johnson,,DOMESTIC - SINGLE HOUSEHOLD,,72
30002998,38.234966,-82.64976,Lawrence,,DOMESTIC - SINGLE HOUSEHOLD,,72
30007050,38.042276,-82.835867,Lawrence,,DOMESTIC - SINGLE HOUSEHOLD,,72
40004181,38.507661,-82.674773,Greenup,,DOMESTIC - SINGLE HOUSEHOLD,540,71
40007364,38.507382,-82.673384,Greenup,,DOMESTIC - SINGLE HOUSEHOLD,540,71
30001131,37.826085,-82.949977,Johnson,,DOMESTIC - SINGLE HOUSEHOLD,,70
30004470,37.807085,-82.870971,Johnson,,DOMESTIC - SINGLE HOUSEHOLD,,70
40001643,37.869072,-82.875328,Johnson,,DOMESTIC - SINGLE HOUSEHOLD,,70
40003452,37.783802,-82.777821,Johnson,,DOMESTIC - SINGLE HOUSEHOLD,,70
60000460,37.859633,-82.665588,Johnson,,DOMESTIC - SINGLE HOUSEHOLD,,70
30000570,37.961483,-82.529256,Lawrence,,DOMESTIC - SINGLE HOUSEHOLD,,69
40002074,37.873795,-82.873107,Johnson,,DOMESTIC - SINGLE HOUSEHOLD,,69
40005687,37.789356,-82.788381,Johnson,,DOMESTIC - SINGLE HOUSEHOLD,,69
30002629,37.983976,-82.916971,Johnson,,DOMESTIC - SINGLE HOUSEHOLD,,68
30005931,38.084674,-82.84407,Lawrence,,DOMESTIC - SINGLE HOUSEHOLD,,68
30006145,38.027873,-82.993183,Lawrence,,DOMESTIC - SINGLE HOUSEHOLD,,68
40003291,38.557106,-82.799221,Greenup,,DOMESTIC - SINGLE HOUSEHOLD,540,68
30002738,37.842384,-82.977275,Johnson,,DOMESTIC - SINGLE HOUSEHOLD,,67
30006165,38.132071,-82.890069,Lawrence,,DOMESTIC - SINGLE HOUSEHOLD,,67
30002172,37.973984,-82.568754,Lawrence,,DOMESTIC - SINGLE HOUSEHOLD,,66
50000792,38.556827,-82.788662,Greenup,,INDUSTRIAL,537,66
13186,38.516469,-82.794332,Greenup,1/1/1900,DOMESTIC - SINGLE HOUSEHOLD,720,65
32516,38.636745,-82.941561,Greenup,1/1/2000,DOMESTIC - SINGLE HOUSEHOLD,590,65
30002996,38.18897,-82.625155,Lawrence,,DOMESTIC - SINGLE HOUSEHOLD,,65
30005450,37.995175,-82.975574,Lawrence,,DOMESTIC - SINGLE HOUSEHOLD,,65
30005464,38.034682,-82.684458,Lawrence,,DOMESTIC - SINGLE HOUSEHOLD,,65
30005705,38.168968,-82.907572,Lawrence,,DOMESTIC - SINGLE HOUSEHOLD,,65
40000812,37.828519,-82.842551,Johnson,,DOMESTIC - SINGLE HOUSEHOLD,,65
40001415,37.825464,-82.842551,Johnson,,DOMESTIC - SINGLE HOUSEHOLD,,65
60000290,37.972962,-82.560034,Lawrence,,DOMESTIC - SINGLE HOUSEHOLD,,63
80013318,38.739244,-82.916005,Greenup,3/8/1994,MONITORING WELL - AMBIENT MONITORING,550,62.5
80013319,38.739244,-82.916005,Greenup,3/9/1994,MONITORING WELL - AMBIENT MONITORING,550,62
40003047,37.852969,-82.762257,Johnson,,DOMESTIC - SINGLE HOUSEHOLD,,62
50000793,38.556549,-82.788104,Greenup,,INDUSTRIAL,536,61
60000675,38.483773,-82.707267,Greenup,,DOMESTIC - SINGLE HOUSEHOLD,,61
46627,37.738428,-82.860441,Johnson,1/1/1992,DOMESTIC - SINGLE HOUSEHOLD,800,60
47177,38.724244,-82.955173,Greenup,1/1/1996,DOMESTIC - SINGLE HOUSEHOLD,530,60
80012590,38.739521,-82.916283,Greenup,12/15/1993,MONITORING WELL - AMBIENT MONITORING,540,60
80012607,38.739244,-82.916005,Greenup,2/9/1994,MONITORING WELL - AMBIENT MONITORING,550,60
80013316,38.739244,-82.916005,Greenup,3/8/1994,MONITORING WELL - AMBIENT MONITORING,550,60
80013317,38.739244,-82.916005,Greenup,3/8/1994,MONITORING WELL - AMBIENT MONITORING,550,60
30000533,37.912981,-82.937273,Johnson,,DOMESTIC - SINGLE HOUSEHOLD,,60
30002387,37.968681,-82.733257,Lawrence,,DOMESTIC - SINGLE HOUSEHOLD,,60
30002398,37.983185,-82.472941,Lawrence,,DOMESTIC - SINGLE HOUSEHOLD,,60
40001869,37.825469,-82.790601,Johnson,,DOMESTIC - SINGLE HOUSEHOLD,,60
60000668,38.465993,-82.770326,Greenup,,DOMESTIC - SINGLE HOUSEHOLD,,60
42824,38.614606,-83.046258,Greenup,1/1/1900,DOMESTIC - SINGLE HOUSEHOLD,810,58
80002932,38.421664,-82.831916,Greenup,10/6/1992,MONITORING WELL - AMBIENT MONITORING,680,58
30001923,37.763691,-82.823866,Johnson,,DOMESTIC - SINGLE HOUSEHOLD,,58
40002907,37.859906,-82.861991,Johnson,,DOMESTIC - SINGLE HOUSEHOLD,645,58
40003035,37.836851,-82.856712,Johnson,,DOMESTIC - SINGLE HOUSEHOLD,,56
60000298,37.890184,-82.657257,Lawrence,,DOMESTIC - SINGLE HOUSEHOLD,,55.5
54938,37.947454,-82.495068,Lawrence,1/1/1940,DOMESTIC - SINGLE HOUSEHOLD,600,55
30001889,37.73209,-82.845169,Johnson,,DOMESTIC - SINGLE HOUSEHOLD,,55
40001418,37.831853,-82.82894,Johnson,,DOMESTIC - SINGLE HOUSEHOLD,,55
60000469,37.790469,-82.852828,Johnson,,DOMESTIC - SINGLE HOUSEHOLD,,55
30001686,37.756388,-82.870972,Johnson,,DOMESTIC - SINGLE HOUSEHOLD,,54
30002038,37.824489,-82.718859,Johnson,,DOMESTIC - SINGLE HOUSEHOLD,,54
30009804,37.941483,-82.613853,Lawrence,,DOMESTIC - SINGLE HOUSEHOLD,,54
60000467,37.855463,-82.848937,Johnson,,DOMESTIC - SINGLE HOUSEHOLD,,54
40004160,37.777133,-82.853935,Johnson,,DOMESTIC - SINGLE HOUSEHOLD,,53
30002343,37.912583,-82.793065,Johnson,,DOMESTIC - SINGLE HOUSEHOLD,,52
30002818,37.933982,-82.886673,Johnson,,DOMESTIC - SINGLE HOUSEHOLD,,52
60000295,38.089343,-82.910051,Lawrence,,DOMESTIC - SINGLE HOUSEHOLD,,52
40003525,37.831296,-82.855049,Johnson,,DOMESTIC - SINGLE HOUSEHOLD,,51
7972,38.381421,-82.842948,Greenup,9/20/1989,DOMESTIC - SINGLE HOUSEHOLD,640,50
30002400,37.986576,-83.013981,Lawrence,,DOMESTIC - SINGLE HOUSEHOLD,,50
30005942,38.16717,-82.741071,Lawrence,,DOMESTIC - SINGLE HOUSEHOLD,,50
40004200,37.784079,-82.821989,Johnson,,DOMESTIC - SINGLE HOUSEHOLD,,50
40006189,37.745469,-82.792547,Johnson,,DOMESTIC - SINGLE HOUSEHOLD,,50
30001000,37.746492,-82.67376,Johnson,,DOMESTIC - SINGLE HOUSEHOLD,,48
30002984,38.087676,-82.918871,Lawrence,,DOMESTIC - SINGLE HOUSEHOLD,,48
30005917,38.026881,-82.585052,Lawrence,,DOMESTIC - SINGLE HOUSEHOLD,,48
40002767,37.817964,-82.923387,Johnson,,DOMESTIC - SINGLE HOUSEHOLD,,48
30002162,37.96068,-82.845671,Johnson,,DOMESTIC - SINGLE HOUSEHOLD,,45
30002995,38.186368,-82.748472,Lawrence,,DOMESTIC - SINGLE HOUSEHOLD,,45
30006139,38.011081,-82.55335,Lawrence,,DOMESTIC - SINGLE HOUSEHOLD,,45
30006133,37.994281,-82.583053,Lawrence,,DOMESTIC - SINGLE HOUSEHOLD,,44
40003361,37.746857,-82.789769,Johnson,,DOMESTIC - SINGLE HOUSEHOLD,,44
60000471,37.975454,-82.963107,Johnson,,DOMESTIC - SINGLE HOUSEHOLD,,43
30005465,38.035177,-82.763867,Lawrence,,DOMESTIC - SINGLE HOUSEHOLD,,40
80008907,38.538691,-82.702664,Greenup,10/15/1993,MONITORING WELL - AMBIENT MONITORING,550,38
30006155,38.065976,-82.580855,Lawrence,,DOMESTIC - SINGLE HOUSEHOLD,,38
40003983,37.760746,-82.820601,Johnson,,DOMESTIC - SINGLE HOUSEHOLD,,38
80002931,38.421692,-82.831917,Greenup,10/6/1992,MONITORING WELL - AMBIENT MONITORING,680,37.8
30001936,37.774792,-82.728357,Johnson,,DOMESTIC - SINGLE HOUSEHOLD,,36
30002155,37.95278,-82.924875,Johnson,,DOMESTIC - SINGLE HOUSEHOLD,,36
30003294,37.975982,-82.773571,Lawrence,,DOMESTIC - SINGLE HOUSEHOLD,,36
40003257,37.774078,-82.790044,Johnson,,DOMESTIC - SINGLE HOUSEHOLD,,36
30002965,38.018277,-82.89917,Lawrence,,DOMESTIC - SINGLE HOUSEHOLD,,35
30002991,38.13777,-82.85067,Lawrence,,DOMESTIC - SINGLE HOUSEHOLD,,35
30003525,37.974384,-82.658059,Lawrence,,DOMESTIC - SINGLE HOUSEHOLD,,35
30005703,38.142375,-82.719364,Lawrence,,DOMESTIC - SINGLE HOUSEHOLD,,35
30005930,38.073076,-82.664858,Lawrence,,DOMESTIC - SINGLE HOUSEHOLD,,35
30005945,38.205968,-82.719571,Lawrence,,DOMESTIC - SINGLE HOUSEHOLD,,35
60000288,37.976295,-82.631424,Lawrence,,DOMESTIC - SINGLE HOUSEHOLD,,35
60000289,37.976295,-82.634201,Lawrence,,DOMESTIC - SINGLE HOUSEHOLD,,35
30001019,37.763388,-82.899171,Johnson,,DOMESTIC - SINGLE HOUSEHOLD,,34
60000468,37.771859,-82.672813,Johnson,,DOMESTIC - SINGLE HOUSEHOLD,,34
30006153,38.059173,-82.925073,Lawrence,,DOMESTIC - SINGLE HOUSEHOLD,,32
60000683,38.461827,-82.76616,Greenup,,DOMESTIC - SINGLE HOUSEHOLD,,32
30006595,38.101776,-82.663759,Lawrence,,DOMESTIC - SINGLE HOUSEHOLD,,31
40001639,37.867127,-82.912271,Johnson,,DOMESTIC - SINGLE HOUSEHOLD,,31
30002025,37.811092,-82.686654,Johnson,,DOMESTIC - SINGLE HOUSEHOLD,,30
30002396,37.981583,-82.537854,Lawrence,,DOMESTIC - SINGLE HOUSEHOLD,,30
30002782,37.890386,-82.765057,Johnson,,DOMESTIC - SINGLE HOUSEHOLD,,30
30003447,37.877183,-82.738658,Johnson,,DOMESTIC - SINGLE HOUSEHOLD,,30
30005946,38.213169,-82.810769,Lawrence,,DOMESTIC - SINGLE HOUSEHOLD,,30
30006581,38.034483,-82.539152,Lawrence,,DOMESTIC - SINGLE HOUSEHOLD,,30
30007038,38.005079,-82.869972,Lawrence,,DOMESTIC - SINGLE HOUSEHOLD,,30
60000458,37.800741,-82.935885,Johnson,,DOMESTIC - SINGLE HOUSEHOLD,,30
80057103,38.401785,-82.81861,Greenup,7/19/2009,MONITORING WELL - AMBIENT MONITORING,673.8,26.4
30003845,37.989784,-82.506551,Lawrence,,DOMESTIC - SINGLE HOUSEHOLD,,25
30004417,37.750191,-82.717959,Johnson,,DOMESTIC - SINGLE HOUSEHOLD,,25
30004453,37.790689,-82.892769,Johnson,,DOMESTIC - SINGLE HOUSEHOLD,,25
60000459,37.962678,-82.980884,Johnson,,DOMESTIC - SINGLE HOUSEHOLD,,25
30006603,38.182969,-82.786673,Lawrence,,DOMESTIC - SINGLE HOUSEHOLD,,24
40001715,37.821016,-82.886994,Johnson,,DOMESTIC - SINGLE HOUSEHOLD,,22
60000461,37.816018,-82.954775,Johnson,,DOMESTIC - SINGLE HOUSEHOLD,,22
60000669,38.45794,-82.823108,Greenup,,DOMESTIC - SINGLE HOUSEHOLD,,22
30010182,38.083374,-82.814673,Lawrence,,DOMESTIC - SINGLE HOUSEHOLD,,21
30002997,38.222168,-82.773169,Lawrence,,DOMESTIC - SINGLE HOUSEHOLD,,20
30003225,37.88529,-82.660256,Johnson,,DOMESTIC - SINGLE HOUSEHOLD,,20
30007069,38.171369,-82.821174,Lawrence,,DOMESTIC - SINGLE HOUSEHOLD,,20
30009787,37.918684,-82.670854,Lawrence,,DOMESTIC - SINGLE HOUSEHOLD,,20
60000293,38.003788,-82.948107,Lawrence,,DOMESTIC - SINGLE HOUSEHOLD,,20
60000462,37.979619,-82.967829,Johnson,,DOMESTIC - SINGLE HOUSEHOLD,,20
60000703,37.819627,-82.904497,Johnson,,DOMESTIC - SINGLE HOUSEHOLD,,20
80057102,38.401767,-82.818637,Greenup,8/18/2009,MONITORING WELL - AMBIENT MONITORING,670,19
60000296,38.129896,-82.853386,Lawrence,,DOMESTIC - SINGLE HOUSEHOLD,,19
60000676,38.485719,-82.71505,Greenup,,DOMESTIC - SINGLE HOUSEHOLD,,19
30009812,37.952385,-82.752162,Lawrence,,DOMESTIC - SINGLE HOUSEHOLD,,18
60000464,37.966844,-82.971996,Johnson,,DOMESTIC - SINGLE HOUSEHOLD,,18
30006149,38.039776,-82.877274,Lawrence,,DOMESTIC - SINGLE HOUSEHOLD,,17
40007538,37.777968,-82.85366,Johnson,,DOMESTIC - SINGLE HOUSEHOLD,,17
60000292,37.970183,-82.830603,Lawrence,,DOMESTIC - SINGLE HOUSEHOLD,,17
30001061,37.803383,-82.966472,Johnson,,DOMESTIC - SINGLE HOUSEHOLD,,16
30001963,37.800892,-82.760456,Johnson,,DOMESTIC - SINGLE HOUSEHOLD,,16
60000673,38.484605,-82.753381,Greenup,,DOMESTIC - SINGLE HOUSEHOLD,,16
60000682,38.456273,-82.767274,Greenup,,DOMESTIC - SINGLE HOUSEHOLD,,16
54662,37.859594,-82.681407,Johnson,1/1/1900,DOMESTIC - SINGLE HOUSEHOLD,617,15
80008498,38.555636,-82.7895,Greenup,5/4/1993,MONITORING WELL - AMBIENT MONITORING,539.9,15
30000085,37.737689,-82.927371,Johnson,,DOMESTIC - SINGLE HOUSEHOLD,,15
30000124,37.77229,-82.672356,Johnson,,DOMESTIC - SINGLE HOUSEHOLD,,15
30000138,37.785289,-82.774365,Johnson,,DOMESTIC - SINGLE HOUSEHOLD,,15
30005445,37.993983,-82.810567,Lawrence,,DOMESTIC - SINGLE HOUSEHOLD,,15
30005924,38.049178,-82.620659,Lawrence,,DOMESTIC - SINGLE HOUSEHOLD,,15
60000470,37.974622,-82.962832,Johnson,,DOMESTIC - SINGLE HOUSEHOLD,,14.5
80057101,38.40175,-82.818664,Greenup,8/20/2009,MONITORING WELL - AMBIENT MONITORING,670,14
80008085,38.405998,-82.827359,Greenup,4/12/1989,MONITORING WELL - AMBIENT MONITORING,628.4,13
60000300,37.888795,-82.658089,Lawrence,,DOMESTIC - SINGLE HOUSEHOLD,,12.5
30000569,37.961283,-82.88227,Johnson,,DOMESTIC - SINGLE HOUSEHOLD,,12
40004074,38.221001,-82.775878,Lawrence,,DOMESTIC - SINGLE HOUSEHOLD,720,12
60000473,37.977678,-82.958384,Johnson,,DOMESTIC - SINGLE HOUSEHOLD,,8.5
30010192,38.161768,-82.765868,Lawrence,,DOMESTIC - SINGLE HOUSEHOLD,,8
60000466,37.855741,-82.848663,Johnson,,DOMESTIC - SINGLE HOUSEHOLD,,7
